"Hayasaka Hiroko","hayasaka_hiroko@example.com","female",33,"1976/8/27","090-9134-30BF"
"Hannda Yumiko","hannda_yumiko@example.com","female",75,"1934/10/20","080-6713-87BI"
"Honma Chise","honma_chise@example.com","female",46,"1964/3/9","090-5237-82FJ"
"Kawahata Nana","kawahata_nana@example.com","female",47,"1962/4/23","090-4760-51JA"
"Kikuchi Takao","kikuchi_takao@example.com","male",35,"1975/1/1","080-1904-58CH"
"Iwai Michiko","iwai_michiko@example.com","female",36,"1974/2/2","090-4520-77GH"
"Kasai Satoshi","kasai_satoshi@example.com","male",24,"1985/12/23","090-8055-78CB"
"Shima Masashi","shima_masashi@example.com","male",61,"1948/12/20","090-4180-99GH"
"Suenaga Rena","suenaga_rena@example.com","female",80,"1929/5/22","080-1042-32EG"
"Yokokawa Fumiyo","yokokawa_fumiyo@example.com","female",24,"1985/11/9","090-2679-49BI"
"Yamanaka Mayuko","yamanaka_mayuko@example.com","female",62,"1947/9/9","090-1826-25EC"
"Aoi Tatsuya","aoi_tatsuya@example.com","male",21,"1988/8/30","080-5257-80CB"
"Tachikawa Hiroaki","tachikawa_hiroaki@example.com","male",40,"1970/1/25","090-3998-69FA"
"Tsutsumi Manami","tsutsumi_manami@example.com","female",75,"1934/11/1","090-8224-26EH"
"Sugimura Shunsuke","sugimura_shunsuke@example.com","male",70,"1939/8/10","090-6873-43DC"
"Wakabayashi Mitsuru","wakabayashi_mitsuru@example.com","male",59,"1950/5/13","080-2151-64CI"
"Maehara Tatsuhito","maehara_tatsuhito@example.com","male",49,"1960/6/21","080-5857- 9EA"
"Chiba Hiroyuki","chiba_hiroyuki@example.com","male",59,"1950/5/8","080-2637-74JH"
"Yoshioka Stmaria","yoshioka_stmaria@example.com","male",43,"1966/6/21","080-7737-22EA"
"Kameyama Mitsunori","kameyama_mitsunori@example.com","male",65,"1944/7/22","090-4515-66EE"
"Tamura Meisa","tamura_meisa@example.com","female",60,"1949/6/12","080- 698-23AC"
"Taue Takashi","taue_takashi@example.com","male",34,"1975/5/15","090- 393- 7BD"
"Yanagiya Yuujirou","yanagiya_yuujirou@example.com","male",32,"1977/12/18","080-1094-23CE"
"Inagaki Ouga","inagaki_ouga@example.com","male",29,"1981/3/20","080-1535-79FF"
"Kasahara Shidou","kasahara_shidou@example.com","male",58,"1951/8/3","090-2261-24IF"
"Nakayama Yoshiki","nakayama_yoshiki@example.com","male",39,"1970/11/2","090-7101-88BF"
"Takaya Masahiko","takaya_masahiko@example.com","male",29,"1980/4/12","090-6963-52GJ"
"Nagao Erika","nagao_erika@example.com","female",29,"1980/11/23","080-2472-74DI"
"Fujisawa Haruomi","fujisawa_haruomi@example.com","male",22,"1987/4/15","080-  76-16JF"
"Kasai Ayaka","kasai_ayaka@example.com","female",67,"1942/12/2","090-4956-49FD"
"Kishimoto Natsumi","kishimoto_natsumi@example.com","female",69,"1941/2/10","080-3532-79FA"
"Umezawa Yukiya","umezawa_yukiya@example.com","male",78,"1931/10/10","080-3540-52HA"
"Kawahara Suzuka","kawahara_suzuka@example.com","female",53,"1956/8/8","080-1750-89ID"
"Suwa Takashi","suwa_takashi@example.com","male",72,"1937/7/13","090-1727-61JE"
"Nakao Haruka","nakao_haruka@example.com","female",33,"1976/6/7","080-4077-68IB"
"Ikegami Yui","ikegami_yui@example.com","female",61,"1949/2/24","080-9308-14EF"
"Miki Seiji","miki_seiji@example.com","male",46,"1963/8/3","080-6331-65AB"
"Oochi Noriko","oochi_noriko@example.com","female",61,"1948/9/25","080- 232-45HF"
"Katahira Hideki","katahira_hideki@example.com","male",71,"1938/10/17","080-7265-40FI"
"Yokoyama Yuuji","yokoyama_yuuji@example.com","male",53,"1957/1/18","080-2367- 6CD"
"Fujii Airi","fujii_airi@example.com","female",38,"1971/9/6","080-7585-82GG"
"Obata Ikuko","obata_ikuko@example.com","female",79,"1930/6/21","080-8149- 9AH"
"Mifune Yuu","mifune_yuu@example.com","female",63,"1946/9/26","090-9647-93CB"
"Kadotani Takao","kadotani_takao@example.com","male",24,"1986/3/10","090-7754-59FJ"
"Ishida Ayame","ishida_ayame@example.com","female",52,"1958/2/20","090-9633-15DB"
"Honma Noriko","honma_noriko@example.com","female",23,"1986/6/11","090-3085-98JE"
"Ochiai Kikuo","ochiai_kikuo@example.com","male",57,"1953/1/8","090-1341-78CC"
"Harada Misako","harada_misako@example.com","female",35,"1974/4/6","080-8564- 3AF"
